Datetime,Water Level (m)
2025-07-16 00:00:00,1.0341536
2025-07-16 01:00:00,0.6800132
2025-07-16 02:00:00,0.4014538
2025-07-16 03:00:00,0.1795578
2025-07-16 04:00:00,-0.003110008
2025-07-16 05:00:00,-0.14467624
2025-07-16 06:00:00,-0.2132947
2025-07-16 07:00:00,0.092818245
2025-07-16 08:00:00,0.5322748
2025-07-16 09:00:00,0.9429605
2025-07-16 10:00:00,1.2735146
2025-07-16 11:00:00,1.4159161
2025-07-16 12:00:00,1.2980654
2025-07-16 13:00:00,0.92423385
2025-07-16 14:00:00,0.6191566
2025-07-16 15:00:00,0.36364132
2025-07-16 16:00:00,0.15982659
2025-07-16 17:00:00,-0.013924901
2025-07-16 18:00:00,-0.14751597
2025-07-16 19:00:00,-0.18588457
2025-07-16 20:00:00,0.21133307
2025-07-16 21:00:00,0.60713816
2025-07-16 22:00:00,0.9557504
2025-07-16 23:00:00,1.1959819
2025-07-17 00:00:00,1.2380679
2025-07-17 01:00:00,1.0036374
2025-07-17 02:00:00,0.69008124
2025-07-17 03:00:00,0.43753517
2025-07-17 04:00:00,0.2280774
2025-07-17 05:00:00,0.058435656
2025-07-17 06:00:00,-0.06860138
2025-07-17 07:00:00,-0.10429824
2025-07-17 08:00:00,0.26959354
2025-07-17 09:00:00,0.6718502
2025-07-17 10:00:00,1.0337889
2025-07-17 11:00:00,1.288665
2025-07-17 12:00:00,1.3508434
2025-07-17 13:00:00,1.139408
2025-07-17 14:00:00,0.81094855
2025-07-17 15:00:00,0.5470311
2025-07-17 16:00:00,0.3200438
2025-07-17 17:00:00,0.13839099
2025-07-17 18:00:00,-0.017332418
2025-07-17 19:00:00,-0.12916133
2025-07-17 20:00:00,-0.09372837
2025-07-17 21:00:00,0.34120062
2025-07-17 22:00:00,0.6917242
2025-07-17 23:00:00,1.0050608
2025-07-18 00:00:00,1.2087225
2025-07-18 01:00:00,1.2357552
2025-07-18 02:00:00,1.024935
2025-07-18 03:00:00,0.7364218
2025-07-18 04:00:00,0.4955667
2025-07-18 05:00:00,0.29227296
2025-07-18 06:00:00,0.13470119
2025-07-18 07:00:00,0.015191562
2025-07-18 08:00:00,0.009421325
2025-07-18 09:00:00,0.3918816
2025-07-18 10:00:00,0.7606478
2025-07-18 11:00:00,1.0698016
2025-07-18 12:00:00,1.2500474
2025-07-18 13:00:00,1.2386062
2025-07-18 14:00:00,0.9975285
2025-07-18 15:00:00,0.7272834
2025-07-18 16:00:00,0.49807584
2025-07-18 17:00:00,0.3017742
2025-07-18 18:00:00,0.14027205
2025-07-18 19:00:00,-0.00045461176
2025-07-18 20:00:00,-0.096502915
2025-07-18 21:00:00,-0.04457331
2025-07-18 22:00:00,0.38885477
2025-07-18 23:00:00,0.7388941
2025-07-19 00:00:00,1.0512965
2025-07-19 01:00:00,1.2499013
2025-07-19 02:00:00,1.2796934
2025-07-19 03:00:00,1.0821401
2025-07-19 04:00:00,0.8085086
2025-07-19 05:00:00,0.5798361
2025-07-19 06:00:00,0.3858682
2025-07-19 07:00:00,0.24342997
2025-07-19 08:00:00,0.14253677
2025-07-19 09:00:00,0.13333263
2025-07-19 10:00:00,0.42828095
2025-07-19 11:00:00,0.7664629
2025-07-19 12:00:00,1.0398206
2025-07-19 13:00:00,1.2049779
2025-07-19 14:00:00,1.198651
2025-07-19 15:00:00,0.992621
2025-07-19 16:00:00,0.7496628
2025-07-19 17:00:00,0.5333978
2025-07-19 18:00:00,0.3446962
2025-07-19 19:00:00,0.1885181
2025-07-19 20:00:00,0.048535645
2025-07-19 21:00:00,-0.03803661
2025-07-19 22:00:00,0.013499725
2025-07-19 23:00:00,0.41384977
2025-07-20 00:00:00,0.7636958
2025-07-20 01:00:00,1.0736337
2025-07-20 02:00:00,1.2839313
2025-07-20 03:00:00,1.3488282
2025-07-20 04:00:00,1.2203318
2025-07-20 05:00:00,0.9577375
2025-07-20 06:00:00,0.7222684
2025-07-20 07:00:00,0.51869744
2025-07-20 08:00:00,0.35357887
2025-07-20 09:00:00,0.23067233
2025-07-20 10:00:00,0.16010836
2025-07-20 11:00:00,0.274493
2025-07-20 12:00:00,0.64287484
2025-07-20 13:00:00,0.9220234
2025-07-20 14:00:00,1.1149251
2025-07-20 15:00:00,1.1667525
2025-07-20 16:00:00,1.0338852
2025-07-20 17:00:00,0.8124767
2025-07-20 18:00:00,0.6007692
2025-07-20 19:00:00,0.4066763
2025-07-20 20:00:00,0.24123234
2025-07-20 21:00:00,0.0967205
2025-07-20 22:00:00,-0.012000601
2025-07-20 23:00:00,-0.027511803
2025-07-21 00:00:00,0.308276
2025-07-21 01:00:00,0.6999321
2025-07-21 02:00:00,1.0471705
2025-07-21 03:00:00,1.3079385
2025-07-21 04:00:00,1.4227363
2025-07-21 05:00:00,1.3539344
2025-07-21 06:00:00,1.0953487
2025-07-21 07:00:00,0.83805186
2025-07-21 08:00:00,0.6186433
2025-07-21 09:00:00,0.43361932
2025-07-21 10:00:00,0.28667948
2025-07-21 11:00:00,0.1832734
2025-07-21 12:00:00,0.16550124
2025-07-21 13:00:00,0.46572575
2025-07-21 14:00:00,0.80972546
2025-07-21 15:00:00,1.060838
2025-07-21 16:00:00,1.1993647
2025-07-21 17:00:00,1.1612691
2025-07-21 18:00:00,0.942059
2025-07-21 19:00:00,0.70814365
2025-07-21 20:00:00,0.49327242
2025-07-21 21:00:00,0.30735782
2025-07-21 22:00:00,0.15229867
2025-07-21 23:00:00,0.021634936
2025-07-22 00:00:00,-0.03570044
